title,text,subject,date
Fed Keeps Interest Rates Steady Amid Growth,"The Federal Reserve announced on Thursday that it is keeping benchmark interest rates unchanged, citing steady economic growth and moderating inflation. The central bank stated that it remains committed to its target rate and will monitor economic indicators closely in the coming months. Economists predict that the policy decision will stabilize bond markets and sustain consumer spending margins.",politics,"July 1, 2026"
Researchers Release Milestone Medical Study,"Researchers published a new peer-reviewed study on Wednesday in the Journal of Medicine detailing the impact of global trade shifts on local agricultural economies. According to the study, official reports from the agriculture department show a steady recovery in farm yields. A spokesperson stated that a press conference will be held next week to discuss long-term crop sustainability programs.",worldnews,"June 30, 2026"
Highway Expansion Project Completed Ahead of Schedule,"Local authorities confirmed that the highway expansion project has been completed ahead of schedule. The transportation department issued a statement confirming that all lanes are now open to commuter traffic, which is expected to ease congestion in the metro area. The state senate approved funding details for minor landscaping next month.",politics,"June 29, 2026"
WHO Launches Initiative in Developing Nations,"A spokesperson for the World Health Organization announced that a new initiative has been launched to combat infectious diseases in developing nations. The global program will distribute vaccines, medical supplies, and provide clinical training to local healthcare workers. Health ministers welcomed the resources as a critical step.",worldnews,"June 28, 2026"
Tech Sector Earnings Report Solid Revenue Growth,"Major tech companies reported their quarterly earnings reports, showing solid revenue growth driven by cloud computing divisions. Analysts noted that demand for database and cloud storage services remains strong across global corporate sectors. Investment firms updated their forecast metrics positively.",worldnews,"June 27, 2026"
School Board Approves Budget for Academic Year,"According to official reports, the metropolitan school board approved a new budget for the upcoming academic year. The funding will support classroom improvements, teacher salaries, and digital learning platforms across all public school districts. A spokesperson confirmed the budget was passed unanimously.",politics,"June 26, 2026"
Space Agency Launches New Weather Satellite,The National Space Agency successfully launched a weather satellite into orbit on Tuesday evening. Mission control confirmed that the telemetry signals are healthy and the satellite has deployed its solar arrays for power collection. The system will monitor severe storm patterns in real-time.,worldnews,"June 25, 2026"
Economists Urge Investments in Renewable Infrastructure,A panel of international economists released a statement urging governments to invest in renewable energy infrastructure. The study suggests that long-term transition policies will create jobs and stabilize global energy markets. The report was presented at the senate environment committee hearing.,politics,"June 24, 2026"
City Council Passes Affordable Housing Zoning Law,The city council voted to approve a new zoning layout that allows for the construction of affordable housing units downtown. Municipal officials said the development plans include green spaces and pedestrian pathways. Construction is scheduled to begin in early spring.,politics,"June 23, 2026"
Bilateral Trade Talks Conclude with New Agreement,"In a press conference today, the foreign ministry declared that bilateral talks have successfully concluded, leading to a new trade agreement. The treaty is designed to lower tariffs on agricultural imports and exports. Leaders from both nations expressed confidence in mutual economic benefits.",worldnews,"June 22, 2026"
Public Library to Upgrade Digital Archives,The municipal library board announced plans to digitize historical records dating back to the town's founding. The database project will be funded by a state history grant and is expected to take eighteen months to complete. Citizens will have free access online.,worldnews,"June 21, 2026"
Forest Fire Contained in Northern Regions,State fire marshals announced that the forest fire in the northern national park is now eighty percent contained. Cool weather conditions and light rain have aided crews in establishing containment lines. Evacuation notices for nearby cabins were officially lifted today.,worldnews,"June 20, 2026"
Transit System Introduces Contactless Payment Options,The metropolitan transit authority launched its new contactless fare collection system across all subway lines. Commuters can now pay for rides using credit cards or smart devices. The upgrade is expected to reduce wait times at turnstiles.,politics,"June 19, 2026"
Ocean Conservation Program Receives Federal Funding,The environmental protection agency announced a grant of five million dollars to support marine sanctuary programs. The funds will target coral reef restoration and local plastic pollution cleanup initiatives. Research teams will start surveys next week.,worldnews,"June 18, 2026"
Bilingual Education Program Expanded in Schools,Superintendents approved expanding bilingual immersion curricula to five more elementary campuses. The program will offer instruction in both English and Spanish to help students develop language skills. Parent-teacher associations endorsed the decision.,politics,"June 17, 2026"
State Parks Announce Free Admission Weekend,The department of natural resources declared that admission fees will be waived for all state parks this coming weekend. The annual promotion aims to encourage families to explore hiking trails and campgrounds. Standard camping reservation fees still apply.,worldnews,"June 16, 2026"
Archaeologists Discover Ancient Settlements in Southern Region,A team of university archaeologists unearthed pottery and stone tools estimated to be over three thousand years old. The artifacts suggest a sedentary farming community existed near the river bank. The site will be protected for further research.,worldnews,"June 15, 2026"
City Hosts Annual Marathon Event in Downtown Core,Over ten thousand runners participated in the city's annual marathon today. Municipal police managed traffic detours around the course without incident. Organizers reported record turnout and thanked volunteers for providing water stations.,worldnews,"June 14, 2026"
Small Business Grants Distributed by Commerce Department,The state commerce department completed its second round of distribution for local business development grants. Fifty small businesses received funding to improve storefronts and expand inventory. The governor spoke at a reception honoring recipients.,politics,"June 13, 2026"
Water Treatment Facility Upgrades Online,Municipal engineers confirmed that the new filtration systems at the city's main water treatment facility are fully operational. The upgrade improves turbidity metrics and ensures compliance with updated federal drinking standards. Tests show clean results.,worldnews,"June 12, 2026"
